-- phpMyAdmin SQL Dump
-- version 4.1.6
-- http://www.phpmyadmin.net
--
-- Host: 127.0.0.1
-- Generation Time: 19 Agu 2020 pada 11.56
-- Versi Server: 5.6.16
-- PHP Version: 5.5.9

SET SQL_MODE = "NO_AUTO_VALUE_ON_ZERO";
SET time_zone = "+00:00";


/*!40101 SET @OLD_CHARACTER_SET_CLIENT=@@CHARACTER_SET_CLIENT */;
/*!40101 SET @OLD_CHARACTER_SET_RESULTS=@@CHARACTER_SET_RESULTS */;
/*!40101 SET @OLD_COLLATION_CONNECTION=@@COLLATION_CONNECTION */;
/*!40101 SET NAMES utf8 */;

--
-- Database: `chat1`
--

-- --------------------------------------------------------

--
-- Struktur dari tabel `akar_tf_idf`
--

CREATE TABLE IF NOT EXISTS `akar_tf_idf` (
  `id_hint` int(11) NOT NULL,
  `akar` float(7,4) DEFAULT NULL,
  KEY `id_hint` (`id_hint`)
) ENGINE=InnoDB DEFAULT CHARSET=latin1;

--
-- Dumping data untuk tabel `akar_tf_idf`
--

INSERT INTO `akar_tf_idf` (`id_hint`, `akar`) VALUES
(6, 2.2452),
(7, 2.0744),
(8, 2.5930),
(9, 2.5965),
(10, 1.8898),
(11, 2.3440),
(12, 2.1688);

-- --------------------------------------------------------

--
-- Struktur dari tabel `bobot_tf`
--

CREATE TABLE IF NOT EXISTS `bobot_tf` (
  `id_hint` int(11) NOT NULL,
  `manchester` float(7,4) NOT NULL,
  `city` float(7,4) NOT NULL,
  `kejar` float(7,4) NOT NULL,
  `liverpool` float(7,4) NOT NULL,
  `juara` float(7,4) NOT NULL,
  `premier` float(7,4) NOT NULL,
  `league` float(7,4) NOT NULL,
  `situasi` float(7,4) NOT NULL,
  `rupa` float(7,4) NOT NULL,
  `musim` float(7,4) NOT NULL,
  `khawatir` float(7,4) NOT NULL,
  `dian` float(7,4) NOT NULL,
  `wibowo` float(7,4) NOT NULL,
  `kecewa` float(7,4) NOT NULL,
  `nyata` float(7,4) NOT NULL,
  `yusqi` float(7,4) NOT NULL,
  `kait` float(7,4) NOT NULL,
  `kondisi` float(7,4) NOT NULL,
  `united` float(7,4) NOT NULL,
  `tolak` float(7,4) NOT NULL,
  `brasil` float(7,4) NOT NULL,
  `winger` float(7,4) NOT NULL,
  `arsenal` float(7,4) NOT NULL,
  `gabriel` float(7,4) NOT NULL,
  `martinelli` float(7,4) NOT NULL,
  `pilih` float(7,4) NOT NULL,
  `main` float(7,4) NOT NULL,
  `timnas` float(7,4) NOT NULL,
  `italia` float(7,4) NOT NULL,
  `hancur` float(7,4) NOT NULL,
  `panjang` float(7,4) NOT NULL,
  `ini` float(7,4) NOT NULL,
  `nilai` float(7,4) NOT NULL,
  `wajar` float(7,4) NOT NULL,
  `fans` float(7,4) NOT NULL,
  `sangat` float(7,4) NOT NULL,
  `sedih` float(7,4) NOT NULL,
  `anggap` float(7,4) NOT NULL,
  `saing` float(7,4) NOT NULL,
  `rebut` float(7,4) NOT NULL,
  `gelar` float(7,4) NOT NULL,
  `sejak` float(7,4) NOT NULL,
  `april` float(7,4) NOT NULL,
  `sudah` float(7,4) NOT NULL,
  `koleksi` float(7,4) NOT NULL,
  `poin` float(7,4) NOT NULL,
  `tiga` float(7,4) NOT NULL,
  `kali` float(7,4) NOT NULL,
  `lipat` float(7,4) NOT NULL,
  `jarak` float(7,4) NOT NULL,
  `asa` float(7,4) NOT NULL,
  `seperti` float(7,4) NOT NULL,
  `pertanda` float(7,4) NOT NULL,
  `buruk` float(7,4) NOT NULL,
  `buat` float(7,4) NOT NULL,
  KEY `id_hint` (`id_hint`)
) ENGINE=InnoDB DEFAULT CHARSET=latin1;

--
-- Dumping data untuk tabel `bobot_tf`
--

INSERT INTO `bobot_tf` (`id_hint`, `manchester`, `city`, `kejar`, `liverpool`, `juara`, `premier`, `league`, `situasi`, `rupa`, `musim`, `khawatir`, `dian`, `wibowo`, `kecewa`, `nyata`, `yusqi`, `kait`, `kondisi`, `united`, `tolak`, `brasil`, `winger`, `arsenal`, `gabriel`, `martinelli`, `pilih`, `main`, `timnas`, `italia`, `hancur`, `panjang`, `ini`, `nilai`, `wajar`, `fans`, `sangat`, `sedih`, `anggap`, `saing`, `rebut`, `gelar`, `sejak`, `april`, `sudah`, `koleksi`, `poin`, `tiga`, `kali`, `lipat`, `jarak`, `asa`, `seperti`, `pertanda`, `buruk`, `buat`) VALUES
(6, 1.0000, 1.3010, 1.0000, 1.0000, 1.0000, 1.0000, 1.0000, 1.0000, 1.0000, 1.0000, 1.0000, 0.0000, 0.0000, 0.0000, 0.0000, 0.0000, 0.0000, 0.0000, 0.0000, 0.0000, 0.0000, 0.0000, 0.0000, 0.0000, 0.0000, 0.0000, 0.0000, 0.0000, 0.0000, 0.0000, 0.0000, 0.0000, 0.0000, 0.0000, 0.0000, 0.0000, 0.0000, 0.0000, 0.0000, 0.0000, 0.0000, 0.0000, 0.0000, 0.0000, 0.0000, 0.0000, 0.0000, 0.0000, 0.0000, 0.0000, 0.0000, 0.0000, 0.0000, 0.0000, 0.0000),
(7, 1.0000, 0.0000, 0.0000, 0.0000, 0.0000, 0.0000, 0.0000, 0.0000, 0.0000, 0.0000, 0.0000, 1.0000, 1.0000, 1.0000, 1.0000, 1.0000, 1.0000, 1.0000, 1.0000, 0.0000, 0.0000, 0.0000, 0.0000, 0.0000, 0.0000, 0.0000, 0.0000, 0.0000, 0.0000, 0.0000, 0.0000, 0.0000, 0.0000, 0.0000, 0.0000, 0.0000, 0.0000, 0.0000, 0.0000, 0.0000, 0.0000, 0.0000, 0.0000, 0.0000, 0.0000, 0.0000, 0.0000, 0.0000, 0.0000, 0.0000, 0.0000, 0.0000, 0.0000, 0.0000, 0.0000),
(8, 0.0000, 0.0000, 0.0000, 0.0000, 0.0000, 0.0000, 0.0000, 0.0000, 0.0000, 0.0000, 0.0000, 0.0000, 0.0000, 0.0000, 0.0000, 0.0000, 0.0000, 0.0000, 0.0000, 1.0000, 1.0000, 1.0000, 1.0000, 1.0000, 1.0000, 1.0000, 1.0000, 1.0000, 1.0000, 0.0000, 0.0000, 0.0000, 0.0000, 0.0000, 0.0000, 0.0000, 0.0000, 0.0000, 0.0000, 0.0000, 0.0000, 0.0000, 0.0000, 0.0000, 0.0000, 0.0000, 0.0000, 0.0000, 0.0000, 0.0000, 0.0000, 0.0000, 0.0000, 0.0000, 0.0000),
(9, 1.0000, 0.0000, 0.0000, 0.0000, 0.0000, 0.0000, 0.0000, 0.0000, 0.0000, 1.0000, 0.0000, 1.0000, 1.0000, 0.0000, 0.0000, 0.0000, 0.0000, 0.0000, 1.0000, 0.0000, 0.0000, 0.0000, 0.0000, 0.0000, 0.0000, 0.0000, 0.0000, 0.0000, 0.0000, 1.0000, 1.0000, 1.0000, 1.0000, 1.0000, 1.0000, 1.0000, 1.0000, 0.0000, 0.0000, 0.0000, 0.0000, 0.0000, 0.0000, 0.0000, 0.0000, 0.0000, 0.0000, 0.0000, 0.0000, 0.0000, 0.0000, 0.0000, 0.0000, 0.0000, 0.0000),
(10, 1.0000, 1.0000, 0.0000, 1.0000, 1.0000, 0.0000, 0.0000, 0.0000, 0.0000, 0.0000, 0.0000, 0.0000, 0.0000, 0.0000, 0.0000, 0.0000, 0.0000, 0.0000, 0.0000, 0.0000, 0.0000, 0.0000, 1.0000, 0.0000, 0.0000, 0.0000, 0.0000, 0.0000, 0.0000, 0.0000, 0.0000, 0.0000, 0.0000, 0.0000, 0.0000, 0.0000, 0.0000, 1.0000, 1.0000, 1.0000, 1.0000, 0.0000, 0.0000, 0.0000, 0.0000, 0.0000, 0.0000, 0.0000, 0.0000, 0.0000, 0.0000, 0.0000, 0.0000, 0.0000, 0.0000),
(11, 1.0000, 0.0000, 0.0000, 1.0000, 0.0000, 0.0000, 0.0000, 0.0000, 0.0000, 0.0000, 0.0000, 0.0000, 0.0000, 0.0000, 0.0000, 0.0000, 0.0000, 0.0000, 1.0000, 0.0000, 0.0000, 0.0000, 0.0000, 0.0000, 0.0000, 0.0000, 0.0000, 0.0000, 0.0000, 0.0000, 0.0000, 0.0000, 0.0000, 0.0000, 0.0000, 0.0000, 0.0000, 0.0000, 0.0000, 0.0000, 0.0000, 1.0000, 1.0000, 1.0000, 1.0000, 1.0000, 1.0000, 1.0000, 1.0000, 0.0000, 0.0000, 0.0000, 0.0000, 0.0000, 0.0000),
(12, 1.0000, 1.0000, 0.0000, 1.0000, 0.0000, 0.0000, 0.0000, 0.0000, 0.0000, 0.0000, 0.0000, 0.0000, 0.0000, 0.0000, 0.0000, 0.0000, 0.0000, 0.0000, 0.0000, 0.0000, 0.0000, 0.0000, 0.0000, 0.0000, 0.0000, 0.0000, 0.0000, 0.0000, 0.0000, 0.0000, 0.0000, 0.0000, 0.0000, 0.0000, 0.0000, 0.0000, 0.0000, 0.0000, 0.0000, 0.0000, 0.0000, 0.0000, 0.0000, 0.0000, 0.0000, 1.0000, 0.0000, 0.0000, 0.0000, 1.0000, 1.0000, 1.0000, 1.0000, 1.0000, 1.0000);

-- --------------------------------------------------------

--
-- Struktur dari tabel `chatbot_hints`
--

CREATE TABLE IF NOT EXISTS `chatbot_hints` (
  `id_hint` int(11) NOT NULL AUTO_INCREMENT,
  `question` varchar(100) NOT NULL,
  `reply` varchar(100) NOT NULL,
  PRIMARY KEY (`id_hint`)
) ENGINE=InnoDB  DEFAULT CHARSET=latin1 AUTO_INCREMENT=13 ;

--
-- Dumping data untuk tabel `chatbot_hints`
--

INSERT INTO `chatbot_hints` (`id_hint`, `question`, `reply`) VALUES
(6, 'manchester city kejar liverpool juara premier league situasi rupa musim city khawatir', 'manchester city kejar liverpool juara premier league situasi rupa musim city khawatir'),
(7, 'dian wibowo  kecewa dengan pernyataan yusqi terkait kondisi Manchester United', 'dian wibowo  kecewa dengan pernyataan yusqi terkait kondisi Manchester United'),
(8, 'Tolak Brasil, Winger Arsenal Gabriel Martinelli Pilih Main di Timnas Italia', 'Tolak Brasil, Winger Arsenal Gabriel Martinelli Pilih Main di Timnas Italia'),
(9, 'Manchester United hancur sepanjang musim ini. dian wibowo menilai wajar jika fans sangat sedih', 'Manchester United hancur sepanjang musim ini. dian wibowo menilai wajar jika fans sangat sedih'),
(10, ' Arsenal dianggap dapat bersaing dengan Liverpool dan Manchester City dalam perebutan gelar juara', ' Arsenal dianggap dapat bersaing dengan Liverpool dan Manchester City dalam perebutan gelar juara'),
(11, 'Sejak April, Liverpool Sudah Koleksi Poin Tiga Kali Lipat dari Manchester United', 'Sejak April, Liverpool Sudah Koleksi Poin Tiga Kali Lipat dari Manchester United'),
(12, 'Jarak 8 Poin dengan Liverpool Terasa Seperti Pertanda Buruk Buat Manchester City', 'Jarak 8 Poin dengan Liverpool Terasa Seperti Pertanda Buruk Buat Manchester City');

-- --------------------------------------------------------

--
-- Struktur dari tabel `df_idf`
--

CREATE TABLE IF NOT EXISTS `df_idf` (
  `kategori` varchar(3) NOT NULL,
  `manchester` float(7,4) NOT NULL,
  `city` float(7,4) NOT NULL,
  `kejar` float(7,4) NOT NULL,
  `liverpool` float(7,4) NOT NULL,
  `juara` float(7,4) NOT NULL,
  `premier` float(7,4) NOT NULL,
  `league` float(7,4) NOT NULL,
  `situasi` float(7,4) NOT NULL,
  `rupa` float(7,4) NOT NULL,
  `musim` float(7,4) NOT NULL,
  `khawatir` float(7,4) NOT NULL,
  `dian` float(7,4) NOT NULL,
  `wibowo` float(7,4) NOT NULL,
  `kecewa` float(7,4) NOT NULL,
  `nyata` float(7,4) NOT NULL,
  `yusqi` float(7,4) NOT NULL,
  `kait` float(7,4) NOT NULL,
  `kondisi` float(7,4) NOT NULL,
  `united` float(7,4) NOT NULL,
  `tolak` float(7,4) NOT NULL,
  `brasil` float(7,4) NOT NULL,
  `winger` float(7,4) NOT NULL,
  `arsenal` float(7,4) NOT NULL,
  `gabriel` float(7,4) NOT NULL,
  `martinelli` float(7,4) NOT NULL,
  `pilih` float(7,4) NOT NULL,
  `main` float(7,4) NOT NULL,
  `timnas` float(7,4) NOT NULL,
  `italia` float(7,4) NOT NULL,
  `hancur` float(7,4) NOT NULL,
  `panjang` float(7,4) NOT NULL,
  `ini` float(7,4) NOT NULL,
  `nilai` float(7,4) NOT NULL,
  `wajar` float(7,4) NOT NULL,
  `fans` float(7,4) NOT NULL,
  `sangat` float(7,4) NOT NULL,
  `sedih` float(7,4) NOT NULL,
  `anggap` float(7,4) NOT NULL,
  `saing` float(7,4) NOT NULL,
  `rebut` float(7,4) NOT NULL,
  `gelar` float(7,4) NOT NULL,
  `sejak` float(7,4) NOT NULL,
  `april` float(7,4) NOT NULL,
  `sudah` float(7,4) NOT NULL,
  `koleksi` float(7,4) NOT NULL,
  `poin` float(7,4) NOT NULL,
  `tiga` float(7,4) NOT NULL,
  `kali` float(7,4) NOT NULL,
  `lipat` float(7,4) NOT NULL,
  `jarak` float(7,4) NOT NULL,
  `asa` float(7,4) NOT NULL,
  `seperti` float(7,4) NOT NULL,
  `pertanda` float(7,4) NOT NULL,
  `buruk` float(7,4) NOT NULL,
  `buat` float(7,4) NOT NULL,
  PRIMARY KEY (`kategori`)
) ENGINE=InnoDB DEFAULT CHARSET=latin1;

--
-- Dumping data untuk tabel `df_idf`
--

INSERT INTO `df_idf` (`kategori`, `manchester`, `city`, `kejar`, `liverpool`, `juara`, `premier`, `league`, `situasi`, `rupa`, `musim`, `khawatir`, `dian`, `wibowo`, `kecewa`, `nyata`, `yusqi`, `kait`, `kondisi`, `united`, `tolak`, `brasil`, `winger`, `arsenal`, `gabriel`, `martinelli`, `pilih`, `main`, `timnas`, `italia`, `hancur`, `panjang`, `ini`, `nilai`, `wajar`, `fans`, `sangat`, `sedih`, `anggap`, `saing`, `rebut`, `gelar`, `sejak`, `april`, `sudah`, `koleksi`, `poin`, `tiga`, `kali`, `lipat`, `jarak`, `asa`, `seperti`, `pertanda`, `buruk`, `buat`) VALUES
('df', 6.0000, 4.0000, 1.0000, 4.0000, 2.0000, 1.0000, 1.0000, 1.0000, 1.0000, 2.0000, 1.0000, 2.0000, 2.0000, 1.0000, 1.0000, 1.0000, 1.0000, 1.0000, 3.0000, 1.0000, 1.0000, 1.0000, 2.0000, 1.0000, 1.0000, 1.0000, 1.0000, 1.0000, 1.0000, 1.0000, 1.0000, 1.0000, 1.0000, 1.0000, 1.0000, 1.0000, 1.0000, 1.0000, 1.0000, 1.0000, 1.0000, 1.0000, 1.0000, 1.0000, 1.0000, 2.0000, 1.0000, 1.0000, 1.0000, 1.0000, 1.0000, 1.0000, 1.0000, 1.0000, 1.0000),
('idf', 0.0669, 0.2430, 0.8451, 0.2430, 0.5441, 0.8451, 0.8451, 0.8451, 0.8451, 0.5441, 0.8451, 0.5441, 0.5441, 0.8451, 0.8451, 0.8451, 0.8451, 0.8451, 0.3680, 0.8451, 0.8451, 0.8451, 0.5441, 0.8451, 0.8451, 0.8451, 0.8451, 0.8451, 0.8451, 0.8451, 0.8451, 0.8451, 0.8451, 0.8451, 0.8451, 0.8451, 0.8451, 0.8451, 0.8451, 0.8451, 0.8451, 0.8451, 0.8451, 0.8451, 0.8451, 0.5441, 0.8451, 0.8451, 0.8451, 0.8451, 0.8451, 0.8451, 0.8451, 0.8451, 0.8451);

-- --------------------------------------------------------

--
-- Struktur dari tabel `message`
--

CREATE TABLE IF NOT EXISTS `message` (
  `id_log_message` int(11) NOT NULL AUTO_INCREMENT,
  `message` text NOT NULL,
  `added_on` datetime NOT NULL,
  `type` varchar(10) NOT NULL,
  PRIMARY KEY (`id_log_message`)
) ENGINE=InnoDB  DEFAULT CHARSET=latin1 AUTO_INCREMENT=779 ;

--
-- Dumping data untuk tabel `message`
--

INSERT INTO `message` (`id_log_message`, `message`, `added_on`, `type`) VALUES
(1, 'Hi', '2020-04-22 12:41:04', 'user'),
(2, 'Hello, how are you.', '2020-04-22 12:41:05', 'bot'),
(3, 'what is your name', '2020-04-22 12:41:22', 'user'),
(4, 'My name is Vishal Bot', '2020-04-22 12:41:22', 'bot'),
(5, 'Where are your from', '2020-04-22 12:41:30', 'user'),
(6, 'I m from India', '2020-04-22 12:41:30', 'bot'),
(7, 'Go to hell', '2020-04-22 12:41:41', 'user'),
(8, 'Sorry not be able to understand you', '2020-04-22 12:41:41', 'bot'),
(9, 'bye', '2020-04-22 12:41:46', 'user'),
(10, 'Sad to see you are going. Have a nice day', '2020-04-22 12:41:46', 'bot'),
(11, 'hi', '2020-07-25 02:39:52', 'user'),
(12, 'Hello, how are you.', '2020-07-25 02:39:52', 'bot'),
(13, 'a', '2020-07-25 06:06:17', 'user'),
(14, 'Hello, how are you.', '2020-07-25 06:06:17', 'bot'),
(15, 'sasas', '2020-07-25 06:06:22', 'user'),
(16, 'Sorry not be able to understand you', '2020-07-25 06:06:22', 'bot'),
(17, 'sasas', '2020-07-25 06:06:25', 'user'),
(18, 'Sorry not be able to understand you', '2020-07-25 06:06:25', 'bot'),
(19, 'a', '2020-07-25 06:06:28', 'user'),
(20, 'Hello, how are you.', '2020-07-25 06:06:28', 'bot'),
(21, 'q', '2020-07-25 06:10:18', 'user'),
(22, 'Sorry not be able to understand you', '2020-07-25 06:10:18', 'bot'),
(23, 'ss', '2020-07-25 06:10:21', 'user'),
(24, 'Sorry not be able to understand you', '2020-07-25 06:10:21', 'bot'),
(25, 'q', '2020-07-25 06:11:39', 'user'),
(26, 'Sorry not be able to understand you', '2020-07-25 06:11:39', 'bot'),
(27, 'qqq', '2020-07-25 06:11:42', 'user'),
(28, 'Sorry not be able to understand you', '2020-07-25 06:11:42', 'bot'),
(29, 'w', '2020-07-25 06:12:37', 'user'),
(30, 'Good to see you again!', '2020-07-25 06:12:37', 'bot'),
(31, 'a', '2020-07-25 06:14:10', 'user'),
(32, 'Hello, how are you.', '2020-07-25 06:14:10', 'bot'),
(33, 'aaa', '2020-07-25 06:14:13', 'user'),
(34, 'Sorry not be able to understand you', '2020-07-25 06:14:13', 'bot'),
(35, 'setelah itu, kita bisa mencoba mengetesnya dengan menambahkan kode ini, nah disini saya akan buat controller yang saya beri nama file', '2020-07-25 06:15:21', 'user'),
(36, 'Sorry not be able to understand you', '2020-07-25 06:15:21', 'bot'),
(37, 'Perekonomian Indonesia sedang dalam pertumbuhan yang membanggakan', '2020-07-25 06:18:33', 'user'),
(38, 'Sorry not be able to understand you', '2020-07-25 06:18:33', 'bot'),
(39, 'aa', '2020-07-25 06:27:56', 'user'),
(40, 'Sorry not be able to understand you', '2020-07-25 06:27:56', 'bot'),
(41, 'a', '2020-07-25 06:27:59', 'user'),
(42, 'Hai, selamat datang.', '2020-07-25 06:27:59', 'bot'),
(43, 'bye', '2020-07-25 06:28:08', 'user'),
(44, 'Sad to see you are going. Have a nice day', '2020-07-25 06:28:08', 'bot'),
(45, 'bye', '2020-07-25 06:28:52', 'user'),
(46, 'Sampai jumpa lagi, terimakasih.', '2020-07-25 06:28:52', 'bot'),
(47, 'Cara Penerapan Stemming dengan Menggunakan Library Sastrawi – Hi Bret !!! kali ini saya akan share cara penerapan membuat stemming di pemrograman php dengan library Sastrawi Bahasa Indonesia.  Stemming adalah bentuk proses untuk menemukan kata dasar dari sebuah kata. Dengan menghilangkan semua imbuhan termasuk dari awalan, sisipan, akhiran dan kombinasi dari awalan dan akhiran pada kata turunan.', '2020-07-25 06:29:06', 'user'),
(48, 'Sorry not be able to understand you', '2020-07-25 06:29:06', 'bot'),
(49, 'Cara Penerapan Stemming dengan Menggunakan Library Sastrawi – Hi Bret !!! kali ini saya akan share cara penerapan membuat stemming di pemrograman php dengan library Sastrawi Bahasa Indonesia.  Stemming adalah bentuk proses untuk menemukan kata dasar dari sebuah kata. Dengan menghilangkan semua imbuhan termasuk dari awalan, sisipan, akhiran dan kombinasi dari awalan dan akhiran pada kata turunan.', '2020-07-25 06:29:31', 'user'),
(50, 'Sorry not be able to understand you', '2020-07-25 06:29:31', 'bot'),
(51, 'a', '2020-07-25 06:29:40', 'user'),
(52, 'Hai, selamat datang.', '2020-07-25 06:29:40', 'bot'),
(53, 'hai', '2020-07-25 06:29:44', 'user'),
(54, 'Hai, selamat datang.', '2020-07-25 06:29:44', 'bot'),
(55, 'dimana posisi lokasi coban pelangi', '2020-07-25 06:31:48', 'user'),
(56, 'Sorry not be able to understand you', '2020-07-25 06:31:48', 'bot'),
(57, 'a', '2020-07-25 08:55:09', 'user'),
(58, 'Hai, selamat datang.', '2020-07-25 08:55:09', 'bot'),
(59, 'q', '2020-07-25 08:55:32', 'user'),
(60, 'Tidak di temukan', '2020-07-25 08:55:32', 'bot'),
(61, 'a', '2020-07-25 08:55:52', 'user'),
(62, 'Hai, selamat datang.', '2020-07-25 08:55:52', 'bot'),
(63, 'q', '2020-07-25 08:56:05', 'user'),
(64, 'Tidak di temukan', '2020-07-25 08:56:05', 'bot'),
(65, 'q', '2020-07-26 09:59:19', 'user'),
(66, 'Tidak di temukan', '2020-07-26 09:59:19', 'bot'),
(67, '222', '2020-07-26 09:59:30', 'user'),
(68, 'Tidak di temukan', '2020-07-26 09:59:30', 'bot'),
(69, 'w', '2020-07-26 10:11:07', 'user'),
(70, 'Tidak di temukan', '2020-07-26 10:11:07', 'bot'),
(71, 'ww', '2020-07-26 10:14:12', 'user'),
(72, 'Tidak di temukan', '2020-07-26 10:14:12', 'bot'),
(73, 'aaaaaaaaasasasasas', '2020-07-26 10:14:51', 'user'),
(74, 'Tidak di temukan', '2020-07-26 10:14:51', 'bot'),
(75, 'ss', '2020-07-26 10:14:57', 'user'),
(76, 'Tidak di temukan', '2020-07-26 10:14:57', 'bot'),
(77, 'q', '2020-07-26 10:17:05', 'user'),
(78, 'Tidak di temukan', '2020-07-26 10:17:05', 'bot'),
(79, 'qq', '2020-07-26 10:17:10', 'user'),
(80, 'Tidak di temukan', '2020-07-26 10:17:10', 'bot'),
(81, 'a', '2020-07-26 10:20:41', 'user'),
(82, 'Hai, selamat datang.', '2020-07-26 10:20:41', 'bot'),
(83, 'aaa', '2020-07-26 10:20:46', 'user'),
(84, 'Tidak di temukan', '2020-07-26 10:20:46', 'bot'),
(85, 'a', '2020-07-26 10:20:51', 'user'),
(86, 'Hai, selamat datang.', '2020-07-26 10:20:51', 'bot'),
(87, 'a', '2020-07-26 10:21:21', 'user'),
(88, 'Hai, selamat datang.', '2020-07-26 10:21:21', 'bot'),
(89, 'q', '2020-07-26 10:23:21', 'user'),
(90, 'Tidak di temukan', '2020-07-26 10:23:21', 'bot'),
(91, 'sss', '2020-07-26 10:23:25', 'user'),
(92, 'Tidak di temukan', '2020-07-26 10:23:25', 'bot'),
(93, 'a', '2020-07-26 10:23:31', 'user'),
(94, 'Hai, selamat datang.', '2020-07-26 10:23:31', 'bot'),
(95, 'a', '2020-07-26 10:23:38', 'user'),
(96, 'Hai, selamat datang.', '2020-07-26 10:23:38', 'bot'),
(97, 'w', '2020-07-26 10:31:44', 'user'),
(98, 'Tidak di temukan', '2020-07-26 10:31:44', 'bot'),
(99, 'ww', '2020-07-26 10:32:04', 'user'),
(100, 'Tidak di temukan', '2020-07-26 10:32:04', 'bot'),
(101, 'qq', '2020-07-26 10:32:10', 'user'),
(102, 'Tidak di temukan', '2020-07-26 10:32:10', 'bot'),
(103, 'q', '2020-07-27 02:56:06', 'user'),
(104, 'qq', '2020-07-27 02:56:06', 'user'),
(105, 'Tidak di temukan', '2020-07-27 02:56:06', 'bot'),
(106, 'Tidak di temukan', '2020-07-27 02:56:06', 'bot'),
(107, 'q', '2020-07-27 02:56:24', 'user'),
(108, 'Tidak di temukan', '2020-07-27 02:56:24', 'bot'),
(109, 'qq', '2020-07-27 03:00:46', 'user'),
(110, 'Tidak di temukan', '2020-07-27 03:00:46', 'bot'),
(111, '21', '2020-07-27 03:00:51', 'user'),
(112, 'Tidak di temukan', '2020-07-27 03:00:51', 'bot'),
(113, 'a', '2020-07-27 03:00:59', 'user'),
(114, 'Hai, selamat datang.', '2020-07-27 03:00:59', 'bot'),
(115, 'a', '2020-07-27 03:01:04', 'user'),
(116, 'Hai, selamat datang.', '2020-07-27 03:01:04', 'bot'),
(117, 'w', '2020-07-27 03:01:07', 'user'),
(118, 'Tidak di temukan', '2020-07-27 03:01:07', 'bot'),
(119, 'aa', '2020-07-27 03:01:45', 'user'),
(120, 'Tidak di temukan', '2020-07-27 03:01:45', 'bot'),
(121, 'aa', '2020-07-27 03:06:23', 'user'),
(122, 'Tidak di temukan', '2020-07-27 03:06:23', 'bot'),
(123, 'sss', '2020-07-27 03:06:25', 'user'),
(124, 'Tidak di temukan', '2020-07-27 03:06:25', 'bot'),
(125, 'a', '2020-07-27 03:15:54', 'user'),
(126, 'Hai, selamat datang.', '2020-07-27 03:15:55', 'bot'),
(127, 'a', '2020-07-27 03:19:55', 'user'),
(128, 'Hai, selamat datang.', '2020-07-27 03:19:55', 'bot'),
(129, 'wwqwqw', '2020-07-27 03:19:59', 'user'),
(130, 'Tidak di temukan', '2020-07-27 03:19:59', 'bot'),
(131, 'qq', '2020-07-27 03:20:11', 'user'),
(132, 'Tidak di temukan', '2020-07-27 03:20:11', 'bot'),
(133, 'ww', '2020-07-27 03:38:44', 'user'),
(134, 'Tidak di temukan', '2020-07-27 03:38:44', 'bot'),
(135, 'w', '2020-07-27 03:39:12', 'user'),
(136, 'Tidak di temukan', '2020-07-27 03:39:12', 'bot'),
(137, 'a', '2020-07-27 03:39:25', 'user'),
(138, 'Hai, selamat datang.', '2020-07-27 03:39:25', 'bot'),
(139, 'q', '2020-07-27 03:40:01', 'user'),
(140, 'Tidak di temukan', '2020-07-27 03:40:01', 'bot'),
(141, 'a', '2020-07-27 03:40:51', 'user'),
(142, 'Hai, selamat datang.', '2020-07-27 03:40:51', 'bot'),
(143, '', '2020-07-27 03:40:53', 'user'),
(144, 'Hai, selamat datang.', '2020-07-27 03:40:53', 'bot'),
(145, 'sss', '2020-07-27 03:40:56', 'user'),
(146, 'Tidak di temukan', '2020-07-27 03:40:56', 'bot'),
(147, 'a', '2020-07-27 03:41:01', 'user'),
(148, 'Hai, selamat datang.', '2020-07-27 03:41:01', 'bot'),
(149, '', '2020-07-27 03:41:03', 'user'),
(150, 'Hai, selamat datang.', '2020-07-27 03:41:03', 'bot'),
(151, '', '2020-07-27 03:41:05', 'user'),
(152, 'Hai, selamat datang.', '2020-07-27 03:41:05', 'bot'),
(153, '', '2020-07-27 03:41:06', 'user'),
(154, 'Hai, selamat datang.', '2020-07-27 03:41:06', 'bot'),
(155, '', '2020-07-27 03:41:06', 'user'),
(156, 'Hai, selamat datang.', '2020-07-27 03:41:07', 'bot'),
(157, '', '2020-07-27 03:41:07', 'user'),
(158, 'Hai, selamat datang.', '2020-07-27 03:41:07', 'bot'),
(159, 'w', '2020-07-27 03:41:39', 'user'),
(160, 'Tidak di temukan', '2020-07-27 03:41:39', 'bot'),
(161, 'wqwqw', '2020-07-27 03:41:42', 'user'),
(162, 'Tidak di temukan', '2020-07-27 03:41:42', 'bot'),
(163, 'hai', '2020-07-27 03:41:56', 'user'),
(164, 'Hai, selamat datang.', '2020-07-27 03:41:56', 'bot'),
(165, 'sampai jumpa', '2020-07-27 03:42:12', 'user'),
(166, 'Sampai jumpa lagi, terimakasih.', '2020-07-27 03:42:12', 'bot'),
(167, 'asas', '2020-07-27 03:42:21', 'user'),
(168, 'Tidak di temukan', '2020-07-27 03:42:21', 'bot'),
(169, 'sasasas', '2020-07-27 03:42:24', 'user'),
(170, 'Tidak di temukan', '2020-07-27 03:42:24', 'bot'),
(171, 'sasas', '2020-07-27 03:42:26', 'user'),
(172, 'Tidak di temukan', '2020-07-27 03:42:26', 'bot'),
(173, 's', '2020-07-27 03:43:21', 'user'),
(174, 'Sampai jumpa lagi, terimakasih.', '2020-07-27 03:43:21', 'bot'),
(175, 'sasa', '2020-07-27 03:43:24', 'user'),
(176, 'Tidak di temukan', '2020-07-27 03:43:24', 'bot'),
(177, 'w', '2020-07-27 03:45:26', 'user'),
(178, 'Tidak di temukan', '2020-07-27 03:45:26', 'bot'),
(179, 'w', '2020-07-27 03:45:52', 'user'),
(180, 'Tidak di temukan', '2020-07-27 03:45:52', 'bot'),
(181, 'aa', '2020-07-27 03:46:31', 'user'),
(182, 'Tidak di temukan', '2020-07-27 03:46:31', 'bot'),
(183, 'a', '2020-07-27 03:48:08', 'user'),
(184, 'Hai, selamat datang.', '2020-07-27 03:48:08', 'bot'),
(185, 'a', '2020-07-27 03:49:23', 'user'),
(186, 'Hai, selamat datang.', '2020-07-27 03:49:23', 'bot'),
(187, 'a', '2020-07-27 04:10:31', 'user'),
(188, 'Hai, selamat datang.', '2020-07-27 04:10:31', 'bot'),
(189, 'aa', '2020-07-27 04:11:00', 'user'),
(190, 'Tidak di temukan', '2020-07-27 04:11:00', 'bot'),
(191, 'a', '2020-07-27 04:11:25', 'user'),
(192, 'Hai, selamat datang.', '2020-07-27 04:11:25', 'bot'),
(193, 'ss', '2020-07-27 04:11:29', 'user'),
(194, 'Tidak di temukan', '2020-07-27 04:11:29', 'bot'),
(195, 'q', '2020-07-27 05:18:53', 'user'),
(196, 'Tidak di temukan', '2020-07-27 05:18:53', 'bot'),
(197, 'w', '2020-07-27 05:20:16', 'user'),
(198, 'Tidak di temukan', '2020-07-27 05:20:16', 'bot'),
(199, 'ww', '2020-07-27 05:20:51', 'user'),
(200, 'Tidak di temukan', '2020-07-27 05:20:51', 'bot'),
(201, 'q', '2020-07-27 05:21:19', 'user'),
(202, 'Tidak di temukan', '2020-07-27 05:21:19', 'bot'),
(203, 'ww', '2020-07-27 05:21:43', 'user'),
(204, 'Tidak di temukan', '2020-07-27 05:21:43', 'bot'),
(205, 'ww', '2020-07-27 05:22:05', 'user'),
(206, 'Tidak di temukan', '2020-07-27 05:22:05', 'bot'),
(207, '3', '2020-07-27 05:22:47', 'user'),
(208, 'Tidak di temukan', '2020-07-27 05:22:47', 'bot'),
(209, 'w', '2020-07-27 05:23:28', 'user'),
(210, 'Tidak di temukan', '2020-07-27 05:23:28', 'bot'),
(211, 'w', '2020-07-27 05:24:00', 'user'),
(212, 'Tidak di temukan', '2020-07-27 05:24:00', 'bot'),
(213, 'w', '2020-07-27 05:33:02', 'user'),
(214, 'Tidak di temukan', '2020-07-27 05:33:02', 'bot'),
(215, 'ww', '2020-07-27 05:33:27', 'user'),
(216, 'Tidak di temukan', '2020-07-27 05:33:27', 'bot'),
(217, 'qq', '2020-07-27 05:33:57', 'user'),
(218, 'Tidak di temukan', '2020-07-27 05:33:57', 'bot'),
(219, 'ww', '2020-07-27 05:34:23', 'user'),
(220, 'Tidak di temukan', '2020-07-27 05:34:23', 'bot'),
(221, 'q', '2020-07-27 05:35:16', 'user'),
(222, 'Tidak di temukan', '2020-07-27 05:35:16', 'bot'),
(223, 'w', '2020-07-27 05:36:29', 'user'),
(224, 'Tidak di temukan', '2020-07-27 05:36:29', 'bot'),
(225, 's', '2020-07-27 05:37:52', 'user'),
(226, 'Sampai jumpa lagi, terimakasih.', '2020-07-27 05:37:52', 'bot'),
(227, 'ww', '2020-07-27 05:38:13', 'user'),
(228, 'Tidak di temukan', '2020-07-27 05:38:13', 'bot'),
(229, 'wdwd', '2020-07-27 05:38:45', 'user'),
(230, 'Tidak di temukan', '2020-07-27 05:38:45', 'bot'),
(231, 'w', '2020-07-27 05:39:20', 'user'),
(232, 'Tidak di temukan', '2020-07-27 05:39:20', 'bot'),
(233, 'a', '2020-07-27 05:39:40', 'user'),
(234, 'Hai, selamat datang.', '2020-07-27 05:39:40', 'bot'),
(235, 's', '2020-07-27 05:40:25', 'user'),
(236, 'Sampai jumpa lagi, terimakasih.', '2020-07-27 05:40:25', 'bot'),
(237, 'w', '2020-07-27 05:41:08', 'user'),
(238, 'Tidak di temukan', '2020-07-27 05:41:08', 'bot'),
(239, '', '2020-07-29 11:45:51', 'user'),
(240, 'Hai, selamat datang.', '2020-07-29 11:45:51', 'bot'),
(241, '', '2020-07-29 11:45:54', 'user'),
(242, 'Hai, selamat datang.', '2020-07-29 11:45:54', 'bot'),
(243, 'ss', '2020-07-29 11:45:56', 'user'),
(244, 'Tidak di temukan', '2020-07-29 11:45:56', 'bot'),
(245, 'aaa', '2020-07-29 11:46:23', 'user'),
(246, 'Tidak di temukan', '2020-07-29 11:46:23', 'bot'),
(247, 'sssss', '2020-07-29 11:46:27', 'user'),
(248, 'Tidak di temukan', '2020-07-29 11:46:27', 'bot'),
(249, 'aa aa aaa', '2020-07-29 11:46:41', 'user'),
(250, 'Tidak di temukan', '2020-07-29 11:46:41', 'bot'),
(251, 'w', '2020-07-29 11:47:17', 'user'),
(252, 'Tidak di temukan', '2020-07-29 11:47:17', 'bot'),
(253, '', '2020-07-29 11:48:50', 'user'),
(254, 'Hai, selamat datang.', '2020-07-29 11:48:50', 'bot'),
(255, 'a', '2020-07-29 11:48:52', 'user'),
(256, 'Hai, selamat datang.', '2020-07-29 11:48:52', 'bot'),
(257, 'a', '2020-07-29 11:49:34', 'user'),
(258, 'Hai, selamat datang.', '2020-07-29 11:49:34', 'bot'),
(259, '', '2020-07-29 11:51:18', 'user'),
(260, 'Hai, selamat datang.', '2020-07-29 11:51:18', 'bot'),
(261, 'w', '2020-07-29 11:51:22', 'user'),
(262, 'Tidak di temukan', '2020-07-29 11:51:22', 'bot'),
(263, 'ww', '2020-07-29 11:51:43', 'user'),
(264, 'Tidak di temukan', '2020-07-29 11:51:43', 'bot'),
(265, '', '2020-07-30 03:13:31', 'user'),
(266, 'Hai, selamat datang.', '2020-07-30 03:13:31', 'bot'),
(267, 's', '2020-07-30 03:13:34', 'user'),
(268, 'Sampai jumpa lagi, terimakasih.', '2020-07-30 03:13:34', 'bot'),
(269, '', '2020-07-30 03:14:28', 'user'),
(270, 'Hai, selamat datang.', '2020-07-30 03:14:28', 'bot'),
(271, 'q', '2020-07-30 03:14:30', 'user'),
(272, 'Tidak di temukan', '2020-07-30 03:14:30', 'bot'),
(273, 'w', '2020-07-30 03:14:57', 'user'),
(274, 'Tidak di temukan', '2020-07-30 03:14:57', 'bot'),
(275, 'w', '2020-07-30 03:15:14', 'user'),
(276, 'Tidak di temukan', '2020-07-30 03:15:14', 'bot'),
(277, 'w', '2020-07-30 03:15:33', 'user'),
(278, 'Tidak di temukan', '2020-07-30 03:15:33', 'bot'),
(279, 'a', '2020-07-30 03:16:53', 'user'),
(280, 'Hai, selamat datang.', '2020-07-30 03:16:53', 'bot'),
(281, 'qq', '2020-07-30 03:17:32', 'user'),
(282, 'Tidak di temukan', '2020-07-30 03:17:32', 'bot'),
(283, 'aa', '2020-07-30 03:18:27', 'user'),
(284, 'Tidak di temukan', '2020-07-30 03:18:27', 'bot'),
(285, 's', '2020-07-30 03:21:01', 'user'),
(286, 'Sampai jumpa lagi, terimakasih.', '2020-07-30 03:21:01', 'bot'),
(287, 'w', '2020-07-30 03:23:15', 'user'),
(288, 'Tidak di temukan', '2020-07-30 03:23:15', 'bot'),
(289, 'a', '2020-07-30 03:24:21', 'user'),
(290, 'Hai, selamat datang.', '2020-07-30 03:24:21', 'bot'),
(291, 'ww', '2020-07-30 03:24:28', 'user'),
(292, 'Tidak di temukan', '2020-07-30 03:24:28', 'bot'),
(293, 'w', '2020-07-30 03:24:44', 'user'),
(294, 'Tidak di temukan', '2020-07-30 03:24:44', 'bot'),
(295, 'ww', '2020-07-30 03:25:57', 'user'),
(296, 'Tidak di temukan', '2020-07-30 03:25:57', 'bot'),
(297, 'aa', '2020-07-30 03:27:29', 'user'),
(298, 'Tidak di temukan', '2020-07-30 03:27:29', 'bot'),
(299, 'hei', '2020-07-30 03:39:58', 'user'),
(300, 'Tidak di temukan', '2020-07-30 03:39:58', 'bot'),
(301, 'hai', '2020-07-30 03:40:04', 'user'),
(302, 'Hai, selamat datang.', '2020-07-30 03:40:04', 'bot'),
(303, 's', '2020-07-30 03:46:29', 'user'),
(304, 'Sampai jumpa lagi, terimakasih.', '2020-07-30 03:46:29', 'bot'),
(305, 'w', '2020-07-30 03:47:10', 'user'),
(306, 'Tidak di temukan', '2020-07-30 03:47:10', 'bot'),
(307, 'a', '2020-07-30 02:56:13', 'user'),
(308, 'Hai, selamat datang.', '2020-07-30 02:56:14', 'bot'),
(309, 'qqq', '2020-07-30 02:57:42', 'user'),
(310, 'Tidak di temukan', '2020-07-30 02:57:42', 'bot'),
(311, 'aa', '2020-07-30 02:59:46', 'user'),
(312, 'Tidak di temukan', '2020-07-30 02:59:46', 'bot'),
(313, 'sas', '2020-07-30 03:02:49', 'user'),
(314, 'Tidak di temukan', '2020-07-30 03:02:49', 'bot'),
(315, 'ss', '2020-07-30 03:05:02', 'user'),
(316, 'Tidak di temukan', '2020-07-30 03:05:02', 'bot'),
(317, 'w', '2020-07-30 11:17:15', 'user'),
(318, 'Tidak di temukan', '2020-07-30 11:17:15', 'bot'),
(319, 'ww', '2020-07-30 11:22:34', 'user'),
(320, 'Tidak di temukan', '2020-07-30 11:22:34', 'bot'),
(321, 'aaa s', '2020-07-30 11:24:09', 'user'),
(322, 'Tidak di temukan', '2020-07-30 11:24:09', 'bot'),
(323, 'ww', '2020-07-30 11:25:59', 'user'),
(324, 'Tidak di temukan', '2020-07-30 11:25:59', 'bot'),
(325, 'eee', '2020-07-30 11:27:00', 'user'),
(326, 'Tidak di temukan', '2020-07-30 11:27:00', 'bot'),
(327, 'w', '2020-07-30 11:30:06', 'user'),
(328, 'Tidak di temukan', '2020-07-30 11:30:06', 'bot'),
(329, 'aa', '2020-07-30 11:37:03', 'user'),
(330, 'Tidak di temukan', '2020-07-30 11:37:03', 'bot'),
(331, 'a', '2020-07-30 11:43:38', 'user'),
(332, 'Hai, selamat datang.', '2020-07-30 11:43:38', 'bot'),
(333, 'hai', '2020-07-30 11:44:50', 'user'),
(334, 'Hai, selamat datang.', '2020-07-30 11:44:50', 'bot'),
(335, 'a', '2020-07-30 11:45:04', 'user'),
(336, 'Hai, selamat datang.', '2020-07-30 11:45:04', 'bot'),
(337, 'aa', '2020-07-30 11:46:26', 'user'),
(338, 'Tidak di temukan', '2020-07-30 11:46:26', 'bot'),
(339, 's', '2020-07-30 11:47:31', 'user'),
(340, 'Sampai jumpa lagi, terimakasih.', '2020-07-30 11:47:31', 'bot'),
(341, 'aa', '2020-07-30 11:48:42', 'user'),
(342, 'Tidak di temukan', '2020-07-30 11:48:42', 'bot'),
(343, '1', '2020-07-30 11:48:47', 'user'),
(344, 'Tidak di temukan', '2020-07-30 11:48:47', 'bot'),
(345, 'ssss', '2020-07-30 11:48:51', 'user'),
(346, 'Tidak di temukan', '2020-07-30 11:48:51', 'bot'),
(347, 'q', '2020-07-30 11:48:59', 'user'),
(348, 'Tidak di temukan', '2020-07-30 11:48:59', 'bot'),
(349, 'q', '2020-07-30 11:54:11', 'user'),
(350, 'Tidak di temukan', '2020-07-30 11:54:11', 'bot'),
(351, 'w', '2020-07-30 11:54:53', 'user'),
(352, 'Tidak di temukan', '2020-07-30 11:54:53', 'bot'),
(353, 'w', '2020-07-30 11:56:24', 'user'),
(354, 'Tidak di temukan', '2020-07-30 11:56:24', 'bot'),
(355, 'ww ww', '2020-08-01 07:15:06', 'user'),
(356, 'Tidak di temukan', '2020-08-01 07:15:06', 'bot'),
(357, 'ww', '2020-08-01 07:21:50', 'user'),
(358, 'Tidak di temukan', '2020-08-01 07:21:50', 'bot'),
(359, 'w', '2020-08-01 07:26:05', 'user'),
(360, 'Tidak di temukan', '2020-08-01 07:26:05', 'bot'),
(361, '', '2020-08-01 07:26:05', 'user'),
(362, 'Hai, selamat datang.', '2020-08-01 07:26:05', 'bot'),
(363, 'w', '2020-08-01 07:26:10', 'user'),
(364, 'Tidak di temukan', '2020-08-01 07:26:10', 'bot'),
(365, '', '2020-08-01 07:26:11', 'user'),
(366, 'Hai, selamat datang.', '2020-08-01 07:26:12', 'bot'),
(367, 'dian', '2020-08-01 07:27:18', 'user'),
(368, 'Tidak di temukan', '2020-08-01 07:27:19', 'bot'),
(369, 'sasa', '2020-08-01 07:28:10', 'user'),
(370, 'Tidak di temukan', '2020-08-01 07:28:10', 'bot'),
(371, 'ssa', '2020-08-01 07:29:15', 'user'),
(372, 'Tidak di temukan', '2020-08-01 07:29:15', 'bot'),
(373, 'ghghgh ', '2020-08-01 09:32:37', 'user'),
(374, 'Tidak di temukan', '2020-08-01 09:32:37', 'bot'),
(375, 'fdfdf', '2020-08-01 09:33:15', 'user'),
(376, 'Tidak di temukan', '2020-08-01 09:33:15', 'bot'),
(377, 'hey', '2020-08-01 09:34:31', 'user'),
(378, 'Tidak di temukan', '2020-08-01 09:34:31', 'bot'),
(379, 'dian', '2020-08-01 10:53:48', 'user'),
(380, 'Sampai jumpa lagi, terimakasih.', '2020-08-01 10:53:48', 'bot'),
(381, 'dd', '2020-08-01 10:55:57', 'user'),
(382, 'Tidak di temukan', '2020-08-01 10:55:57', 'bot'),
(383, 'ss', '2020-08-01 10:57:48', 'user'),
(384, 'Tidak di temukan', '2020-08-01 10:57:49', 'bot'),
(385, 'swsw', '2020-08-01 10:59:55', 'user'),
(386, 'Tidak di temukan', '2020-08-01 10:59:55', 'bot'),
(387, 'asasa', '2020-08-01 11:00:32', 'user'),
(388, 'Tidak di temukan', '2020-08-01 11:00:32', 'bot'),
(389, 'xaxa', '2020-08-01 11:01:57', 'user'),
(390, 'Tidak di temukan', '2020-08-01 11:01:57', 'bot'),
(391, 'dwd', '2020-08-01 11:05:47', 'user'),
(392, 'Tidak di temukan', '2020-08-01 11:05:47', 'bot'),
(393, 'dian', '2020-08-01 11:10:18', 'user'),
(394, 'Sampai jumpa lagi, terimakasih.', '2020-08-01 11:10:18', 'bot'),
(395, 'test', '2020-08-01 11:13:48', 'user'),
(396, 'Tidak di temukan', '2020-08-01 11:13:48', 'bot'),
(397, 'dian', '2020-08-01 11:14:23', 'user'),
(398, 'Sampai jumpa lagi, terimakasih.', '2020-08-01 11:14:23', 'bot'),
(399, 'ss', '2020-08-01 11:16:56', 'user'),
(400, 'Tidak di temukan', '2020-08-01 11:16:56', 'bot'),
(401, 's', '2020-08-01 11:21:22', 'user'),
(402, 'Jarak 8 Poin dengan Liverpool Terasa Seperti Pertanda Buruk Buat Manchster City', '2020-08-01 11:21:22', 'bot'),
(403, 'www', '2020-08-01 11:22:58', 'user'),
(404, 'Tidak di temukan', '2020-08-01 11:22:58', 'bot'),
(405, '6', '2020-08-01 11:25:35', 'user'),
(406, 'Tidak di temukan', '2020-08-01 11:25:35', 'bot'),
(407, 'ww', '2020-08-03 08:35:26', 'user'),
(408, 'Tidak di temukan', '2020-08-03 08:35:26', 'bot'),
(409, '3', '2020-08-03 08:36:26', 'user'),
(410, 'Tidak di temukan', '2020-08-03 08:36:26', 'bot'),
(411, 'w', '2020-08-03 08:38:25', 'user'),
(412, 'Sampai jumpa lagi, terimakasih.', '2020-08-03 08:38:25', 'bot'),
(413, 'w', '2020-08-03 08:40:59', 'user'),
(414, 'Sampai jumpa lagi, terimakasih.', '2020-08-03 08:40:59', 'bot'),
(415, '3', '2020-08-03 08:42:54', 'user'),
(416, 'Tidak di temukan', '2020-08-03 08:42:54', 'bot'),
(417, 'ss', '2020-08-03 08:47:02', 'user'),
(418, 'Tidak di temukan', '2020-08-03 08:47:02', 'bot'),
(419, 'w', '2020-08-03 08:50:28', 'user'),
(420, 'Sampai jumpa lagi, terimakasih.', '2020-08-03 08:50:28', 'bot'),
(421, 'aaa', '2020-08-03 09:00:26', 'user'),
(422, 'Tidak di temukan', '2020-08-03 09:00:26', 'bot'),
(423, 'ioio', '2020-08-03 09:07:53', 'user'),
(424, 'Tidak di temukan', '2020-08-03 09:07:53', 'bot'),
(425, 'adad', '2020-08-03 09:58:54', 'user'),
(426, 'Tidak di temukan', '2020-08-03 09:58:54', 'bot'),
(427, 'wwws', '2020-08-04 09:57:47', 'user'),
(428, 'Tidak di temukan', '2020-08-04 09:57:47', 'bot'),
(429, 'asas', '2020-08-04 10:06:25', 'user'),
(430, 'Tidak di temukan', '2020-08-04 10:06:25', 'bot'),
(431, 'sas', '2020-08-04 10:07:03', 'user'),
(432, 'Tidak di temukan', '2020-08-04 10:07:03', 'bot'),
(433, 'wwd', '2020-08-04 10:07:52', 'user'),
(434, 'Tidak di temukan', '2020-08-04 10:07:52', 'bot'),
(435, 'sqsqs', '2020-08-04 10:08:44', 'user'),
(436, 'Tidak di temukan', '2020-08-04 10:08:44', 'bot'),
(437, 'a', '2020-08-04 10:08:49', 'user'),
(438, 'manchester city kejar liverpool juara premier league situasi rupa musim city khawatir', '2020-08-04 10:08:49', 'bot'),
(439, 'cc', '2020-08-04 10:14:09', 'user'),
(440, 'Tidak di temukan', '2020-08-04 10:14:09', 'bot'),
(441, 'ssa', '2020-08-04 10:14:57', 'user'),
(442, 'Tidak di temukan', '2020-08-04 10:14:57', 'bot'),
(443, 'a', '2020-08-04 10:15:43', 'user'),
(444, 'manchester city kejar liverpool juara premier league situasi rupa musim city khawatir', '2020-08-04 10:15:43', 'bot'),
(445, 'asas', '2020-08-04 10:18:06', 'user'),
(446, 'Tidak di temukan', '2020-08-04 10:18:06', 'bot'),
(447, 's', '2020-08-04 10:22:33', 'user'),
(448, 'manchester city kejar liverpool juara premier league situasi rupa musim city khawatir', '2020-08-04 10:22:34', 'bot'),
(449, 'ss', '2020-08-04 10:23:11', 'user'),
(450, 'Tidak di temukan', '2020-08-04 10:23:11', 'bot'),
(451, 'klk', '2020-08-04 10:25:23', 'user'),
(452, 'Tidak di temukan', '2020-08-04 10:25:23', 'bot'),
(453, 'ss', '2020-08-04 10:26:44', 'user'),
(454, 'Tidak di temukan', '2020-08-04 10:26:44', 'bot'),
(455, 'a', '2020-08-04 10:37:36', 'user'),
(456, 'manchester city kejar liverpool juara premier league situasi rupa musim city khawatir', '2020-08-04 10:37:36', 'bot'),
(457, 'sas', '2020-08-04 10:39:37', 'user'),
(458, 'Tidak di temukan', '2020-08-04 10:39:37', 'bot'),
(459, 'a', '2020-08-04 10:40:36', 'user'),
(460, 'manchester city kejar liverpool juara premier league situasi rupa musim city khawatir', '2020-08-04 10:40:36', 'bot'),
(461, 'sas', '2020-08-04 10:41:31', 'user'),
(462, 'Tidak di temukan', '2020-08-04 10:41:31', 'bot'),
(463, 'w', '2020-08-04 10:43:00', 'user'),
(464, 'manchester city kejar liverpool juara premier league situasi rupa musim city khawatir', '2020-08-04 10:43:00', 'bot'),
(465, 'asas', '2020-08-04 11:08:05', 'user'),
(466, 'Tidak di temukan', '2020-08-04 11:08:05', 'bot'),
(467, 'ss', '2020-08-04 11:09:04', 'user'),
(468, 'Tidak di temukan', '2020-08-04 11:09:04', 'bot'),
(469, 'd', '2020-08-04 11:10:49', 'user'),
(470, 'dian wibowo  kecewa dengan pernyataan yusqi terkait kondisi Manchester United', '2020-08-04 11:10:49', 'bot'),
(471, 'a', '2020-08-04 11:13:21', 'user'),
(472, 'manchester city kejar liverpool juara premier league situasi rupa musim city khawatir', '2020-08-04 11:13:21', 'bot'),
(473, 'k', '2020-08-05 12:39:24', 'user'),
(474, 'manchester city kejar liverpool juara premier league situasi rupa musim city khawatir', '2020-08-05 12:39:24', 'bot'),
(475, 'dadad', '2020-08-05 12:40:17', 'user'),
(476, 'Tidak di temukan', '2020-08-05 12:40:17', 'bot'),
(477, 's', '2020-08-05 12:40:59', 'user'),
(478, 'manchester city kejar liverpool juara premier league situasi rupa musim city khawatir', '2020-08-05 12:41:00', 'bot'),
(479, 'd', '2020-08-05 12:42:32', 'user'),
(480, 'dian wibowo  kecewa dengan pernyataan yusqi terkait kondisi Manchester United', '2020-08-05 12:42:32', 'bot'),
(481, '2', '2020-08-05 12:44:18', 'user'),
(482, 'Tidak di temukan', '2020-08-05 12:44:18', 'bot'),
(483, 's', '2020-08-05 12:45:26', 'user'),
(484, 'manchester city kejar liverpool juara premier league situasi rupa musim city khawatir', '2020-08-05 12:45:26', 'bot'),
(485, 'dd', '2020-08-05 01:28:19', 'user'),
(486, 'Tidak di temukan', '2020-08-05 01:28:19', 'bot'),
(487, 'aa', '2020-08-05 01:30:39', 'user'),
(488, 'dian wibowo  kecewa dengan pernyataan yusqi terkait kondisi Manchester United', '2020-08-05 01:30:39', 'bot'),
(489, 'sa', '2020-08-05 01:31:25', 'user'),
(490, 'Manchester United hancur sepanjang musim ini. dian wibowo menilai wajar jika fans sangat sedih', '2020-08-05 01:31:25', 'bot'),
(491, 'dd', '2020-08-05 01:32:35', 'user'),
(492, 'Tidak di temukan', '2020-08-05 01:32:36', 'bot'),
(493, 'aa', '2020-08-05 01:33:42', 'user'),
(494, 'dian wibowo  kecewa dengan pernyataan yusqi terkait kondisi Manchester United', '2020-08-05 01:33:42', 'bot'),
(495, 'dda', '2020-08-05 01:34:30', 'user'),
(496, 'Tidak di temukan', '2020-08-05 01:34:30', 'bot'),
(497, 'fe', '2020-08-05 01:35:51', 'user'),
(498, 'Tidak di temukan', '2020-08-05 01:35:51', 'bot'),
(499, 'a', '2020-08-05 01:36:42', 'user'),
(500, 'manchester city kejar liverpool juara premier league situasi rupa musim city khawatir', '2020-08-05 01:36:42', 'bot'),
(501, 'a', '2020-08-05 01:39:32', 'user'),
(502, 'manchester city kejar liverpool juara premier league situasi rupa musim city khawatir', '2020-08-05 01:39:32', 'bot'),
(503, 'a', '2020-08-05 01:41:28', 'user'),
(504, 'manchester city kejar liverpool juara premier league situasi rupa musim city khawatir', '2020-08-05 01:41:28', 'bot'),
(505, 'ssa', '2020-08-05 01:42:41', 'user'),
(506, 'Tidak di temukan', '2020-08-05 01:42:41', 'bot'),
(507, 's', '2020-08-05 01:43:35', 'user'),
(508, 'manchester city kejar liverpool juara premier league situasi rupa musim city khawatir', '2020-08-05 01:43:35', 'bot'),
(509, 'sa', '2020-08-05 01:44:53', 'user'),
(510, 'Manchester United hancur sepanjang musim ini. dian wibowo menilai wajar jika fans sangat sedih', '2020-08-05 01:44:53', 'bot'),
(511, 'kk', '2020-08-05 01:45:47', 'user'),
(512, 'Tidak di temukan', '2020-08-05 01:45:47', 'bot'),
(513, 'w', '2020-08-05 01:48:34', 'user'),
(514, 'manchester city kejar liverpool juara premier league situasi rupa musim city khawatir', '2020-08-05 01:48:34', 'bot'),
(515, 'ew', '2020-08-05 01:49:23', 'user'),
(516, 'dian wibowo  kecewa dengan pernyataan yusqi terkait kondisi Manchester United', '2020-08-05 01:49:23', 'bot'),
(517, 'w', '2020-08-05 01:50:08', 'user'),
(518, 'manchester city kejar liverpool juara premier league situasi rupa musim city khawatir', '2020-08-05 01:50:08', 'bot'),
(519, 'a', '2020-08-05 01:51:09', 'user'),
(520, 'manchester city kejar liverpool juara premier league situasi rupa musim city khawatir', '2020-08-05 01:51:09', 'bot'),
(521, 'xsxsxs', '2020-08-05 01:51:21', 'user'),
(522, 'Tidak di temukan', '2020-08-05 01:51:21', 'bot'),
(523, 's', '2020-08-05 01:52:33', 'user'),
(524, 'manchester city kejar liverpool juara premier league situasi rupa musim city khawatir', '2020-08-05 01:52:33', 'bot'),
(525, 'jkjk', '2020-08-07 08:58:11', 'user'),
(526, 'Tidak di temukan', '2020-08-07 08:58:12', 'bot'),
(527, 'aa', '2020-08-07 09:03:38', 'user'),
(528, 'dian wibowo  kecewa dengan pernyataan yusqi terkait kondisi Manchester United', '2020-08-07 09:03:38', 'bot'),
(529, 'sas', '2020-08-07 09:06:52', 'user'),
(530, 'Tidak di temukan', '2020-08-07 09:06:52', 'bot'),
(531, 'sas', '2020-08-07 09:09:32', 'user'),
(532, 'Tidak di temukan', '2020-08-07 09:09:32', 'bot'),
(533, 'asas', '2020-08-07 09:29:48', 'user'),
(534, 'Tidak di temukan', '2020-08-07 09:29:48', 'bot'),
(535, 'sasas', '2020-08-07 09:31:55', 'user'),
(536, 'Tidak di temukan', '2020-08-07 09:31:55', 'bot'),
(537, 'dsd', '2020-08-07 09:32:44', 'user'),
(538, 'Tidak di temukan', '2020-08-07 09:32:44', 'bot'),
(539, 'a', '2020-08-07 09:35:54', 'user'),
(540, 'manchester city kejar liverpool juara premier league situasi rupa musim city khawatir', '2020-08-07 09:35:54', 'bot'),
(541, 'wqwqw', '2020-08-07 09:39:40', 'user'),
(542, 'Tidak di temukan', '2020-08-07 09:39:40', 'bot'),
(543, 'adad', '2020-08-07 09:56:20', 'user'),
(544, 'Tidak di temukan', '2020-08-07 09:56:21', 'bot'),
(545, 'jkjk', '2020-08-07 09:57:15', 'user'),
(546, 'Tidak di temukan', '2020-08-07 09:57:16', 'bot'),
(547, 'tes', '2020-08-07 11:24:59', 'user'),
(548, 'Tidak di temukan', '2020-08-07 11:24:59', 'bot'),
(549, 'sas', '2020-08-07 11:26:06', 'user'),
(550, 'Tidak di temukan', '2020-08-07 11:26:06', 'bot'),
(551, 'asa', '2020-08-07 11:28:08', 'user'),
(552, 'Jarak 8 Poin dengan Liverpool Terasa Seperti Pertanda Buruk Buat Manchester City', '2020-08-07 11:28:09', 'bot'),
(553, 'wewe', '2020-08-07 11:29:02', 'user'),
(554, 'Tidak di temukan', '2020-08-07 11:29:02', 'bot'),
(555, 'sasas', '2020-08-07 11:31:40', 'user'),
(556, 'Tidak di temukan', '2020-08-07 11:31:40', 'bot'),
(557, 'sasasas', '2020-08-07 11:31:54', 'user'),
(558, 'Tidak di temukan', '2020-08-07 11:31:54', 'bot'),
(559, '2wq', '2020-08-07 11:32:47', 'user'),
(560, 'Tidak di temukan', '2020-08-07 11:32:47', 'bot'),
(561, 'jkjkj', '2020-08-07 11:42:26', 'user'),
(562, 'Tidak di temukan', '2020-08-07 11:42:26', 'bot'),
(563, 'mmm', '2020-08-07 11:43:06', 'user'),
(564, 'Tidak di temukan', '2020-08-07 11:43:06', 'bot'),
(565, 'jkj', '2020-08-07 11:43:49', 'user'),
(566, 'Tidak di temukan', '2020-08-07 11:43:49', 'bot'),
(567, 'jkjk', '2020-08-07 11:44:54', 'user'),
(568, 'Tidak di temukan', '2020-08-07 11:44:54', 'bot'),
(569, 'sasas', '2020-08-07 11:48:51', 'user'),
(570, 'Tidak di temukan', '2020-08-07 11:48:51', 'bot'),
(571, 'dsdsd', '2020-08-08 12:54:46', 'user'),
(572, 'Tidak di temukan', '2020-08-08 12:54:46', 'bot'),
(573, 'ass', '2020-08-08 01:00:15', 'user'),
(574, 'Tidak di temukan', '2020-08-08 01:00:15', 'bot'),
(575, 'dsds', '2020-08-08 01:06:10', 'user'),
(576, 'Tidak di temukan', '2020-08-08 01:06:10', 'bot'),
(577, 'sasa', '2020-08-08 01:11:02', 'user'),
(578, 'Tidak di temukan', '2020-08-08 01:11:02', 'bot'),
(579, 'dwddw', '2020-08-08 01:15:33', 'user'),
(580, 'Tidak di temukan', '2020-08-08 01:15:33', 'bot'),
(581, 'mmn,mn,', '2020-08-08 01:29:07', 'user'),
(582, 'Tidak di temukan', '2020-08-08 01:29:07', 'bot'),
(583, '', '2020-08-08 02:13:14', 'user'),
(584, 'manchester city kejar liverpool juara premier league situasi rupa musim city khawatir', '2020-08-08 02:13:14', 'bot'),
(585, 'sqsqs', '2020-08-08 02:17:57', 'user'),
(586, 'Tidak di temukan', '2020-08-08 02:17:57', 'bot'),
(587, 'sasas', '2020-08-08 02:20:53', 'user'),
(588, 'Tidak di temukan', '2020-08-08 02:20:53', 'bot'),
(589, 'sasasas', '2020-08-08 02:31:06', 'user'),
(590, 'Tidak di temukan', '2020-08-08 02:31:06', 'bot'),
(591, 'jkjk', '2020-08-08 02:32:49', 'user'),
(592, 'Tidak di temukan', '2020-08-08 02:32:49', 'bot'),
(593, 'asas', '2020-08-08 02:46:28', 'user'),
(594, 'Tidak di temukan', '2020-08-08 02:46:29', 'bot'),
(595, 'aas', '2020-08-08 02:52:11', 'user'),
(596, 'Tidak di temukan', '2020-08-08 02:52:11', 'bot'),
(597, 'n,mn,', '2020-08-08 02:55:18', 'user'),
(598, 'Tidak di temukan', '2020-08-08 02:55:18', 'bot'),
(599, 'jkjk', '2020-08-08 03:47:04', 'user'),
(600, 'Tidak di temukan', '2020-08-08 03:47:04', 'bot'),
(601, 'klkl', '2020-08-08 03:51:21', 'user'),
(602, 'Tidak di temukan', '2020-08-08 03:51:21', 'bot'),
(603, 'dsdsd', '2020-08-08 09:01:15', 'user'),
(604, 'Tidak di temukan', '2020-08-08 09:01:15', 'bot'),
(605, 'sasas', '2020-08-08 09:01:47', 'user'),
(606, 'Tidak di temukan', '2020-08-08 09:01:47', 'bot'),
(607, 'sa', '2020-08-08 09:09:00', 'user'),
(608, 'Manchester United hancur sepanjang musim ini. dian wibowo menilai wajar jika fans sangat sedih', '2020-08-08 09:09:00', 'bot'),
(609, 'dsdsd', '2020-08-08 09:24:54', 'user'),
(610, 'Tidak di temukan', '2020-08-08 09:24:54', 'bot'),
(611, 'sasas', '2020-08-08 09:25:46', 'user'),
(612, 'Tidak di temukan', '2020-08-08 09:25:46', 'bot'),
(613, 'dsds', '2020-08-08 09:27:48', 'user'),
(614, 'Tidak di temukan', '2020-08-08 09:27:48', 'bot'),
(615, 'dsd', '2020-08-08 09:29:03', 'user'),
(616, 'Tidak di temukan', '2020-08-08 09:29:03', 'bot'),
(617, 'xcc', '2020-08-08 09:30:31', 'user'),
(618, 'Tidak di temukan', '2020-08-08 09:30:31', 'bot'),
(619, 'sasas', '2020-08-09 12:12:16', 'user'),
(620, 'Tidak di temukan', '2020-08-09 12:12:16', 'bot'),
(621, 'a', '2020-08-09 12:13:27', 'user'),
(622, 'manchester city kejar liverpool juara premier league situasi rupa musim city khawatir', '2020-08-09 12:13:27', 'bot'),
(623, 'ddw', '2020-08-09 12:14:44', 'user'),
(624, 'Tidak di temukan', '2020-08-09 12:14:45', 'bot'),
(625, 'xaxa', '2020-08-09 12:15:26', 'user'),
(626, 'Tidak di temukan', '2020-08-09 12:15:26', 'bot'),
(627, 'ss', '2020-08-09 12:32:24', 'user'),
(628, 'Tidak di temukan', '2020-08-09 12:32:24', 'bot'),
(629, 'wqwq', '2020-08-09 12:35:29', 'user'),
(630, 'Tidak di temukan', '2020-08-09 12:35:29', 'bot'),
(631, 'ssa', '2020-08-09 12:38:14', 'user'),
(632, 'Tidak di temukan', '2020-08-09 12:38:14', 'bot'),
(633, 'dede', '2020-08-09 12:40:02', 'user'),
(634, 'Tidak di temukan', '2020-08-09 12:40:02', 'bot'),
(635, 'qaqa', '2020-08-09 12:41:39', 'user'),
(636, 'Tidak di temukan', '2020-08-09 12:41:39', 'bot'),
(637, 'aqaq', '2020-08-09 12:43:05', 'user'),
(638, 'Tidak di temukan', '2020-08-09 12:43:05', 'bot'),
(639, 'dwdwd', '2020-08-09 03:57:44', 'user'),
(640, 'Tidak di temukan', '2020-08-09 03:57:44', 'bot'),
(641, 'dwdw', '2020-08-09 03:57:49', 'user'),
(642, 'Tidak di temukan', '2020-08-09 03:57:49', 'bot'),
(643, 'ewew', '2020-08-09 04:00:07', 'user'),
(644, 'Tidak di temukan', '2020-08-09 04:00:07', 'bot'),
(645, 'sasas', '2020-08-14 10:13:58', 'user'),
(646, 'Tidak di temukan', '2020-08-14 10:13:58', 'bot'),
(647, 'adda', '2020-08-14 10:17:10', 'user'),
(648, 'Tidak di temukan', '2020-08-14 10:17:10', 'bot'),
(649, 'asasas', '2020-08-14 10:18:31', 'user'),
(650, 'Tidak di temukan', '2020-08-14 10:18:31', 'bot'),
(651, 'sasas', '2020-08-15 12:21:28', 'user'),
(652, 'Tidak di temukan', '2020-08-15 12:21:28', 'bot'),
(653, 'swsws', '2020-08-15 12:22:43', 'user'),
(654, 'Tidak di temukan', '2020-08-15 12:22:43', 'bot'),
(655, 'wsws', '2020-08-15 12:24:19', 'user'),
(656, 'Tidak di temukan', '2020-08-15 12:24:19', 'bot'),
(657, 'swsw', '2020-08-15 12:26:45', 'user'),
(658, 'Tidak di temukan', '2020-08-15 12:26:46', 'bot'),
(659, 'sasas', '2020-08-15 12:27:44', 'user'),
(660, 'Tidak di temukan', '2020-08-15 12:27:44', 'bot'),
(661, 'asasa', '2020-08-15 12:33:18', 'user'),
(662, 'Tidak di temukan', '2020-08-15 12:33:18', 'bot'),
(663, 'deded', '2020-08-15 12:42:52', 'user'),
(664, 'Tidak di temukan', '2020-08-15 12:42:52', 'bot'),
(665, 'ssqsqs', '2020-08-15 12:48:03', 'user'),
(666, 'Tidak di temukan', '2020-08-15 12:48:03', 'bot'),
(667, 'w2w22', '2020-08-15 12:54:43', 'user'),
(668, 'Tidak di temukan', '2020-08-15 12:54:43', 'bot'),
(669, 'sasasasa', '2020-08-15 12:58:16', 'user'),
(670, 'Tidak di temukan', '2020-08-15 12:58:16', 'bot'),
(671, 'aaa', '2020-08-15 01:00:09', 'user'),
(672, 'Tidak di temukan', '2020-08-15 01:00:09', 'bot'),
(673, 'zz', '2020-08-15 01:01:59', 'user'),
(674, 'Tidak di temukan', '2020-08-15 01:01:59', 'bot'),
(675, 'zazaz', '2020-08-15 01:05:00', 'user'),
(676, 'Tidak di temukan', '2020-08-15 01:05:00', 'bot'),
(677, 'deded', '2020-08-15 02:55:50', 'user'),
(678, 'Tidak di temukan', '2020-08-15 02:55:50', 'bot'),
(679, 'swswswsw', '2020-08-15 02:59:55', 'user'),
(680, 'Tidak di temukan', '2020-08-15 02:59:55', 'bot'),
(681, 'dwdwd', '2020-08-15 03:12:05', 'user'),
(682, 'Tidak di temukan', '2020-08-15 03:12:05', 'bot'),
(683, 'mlm', '2020-08-15 03:14:00', 'user'),
(684, 'Tidak di temukan', '2020-08-15 03:14:00', 'bot'),
(685, 'sasas', '2020-08-15 06:17:21', 'user'),
(686, 'Tidak di temukan', '2020-08-15 06:17:21', 'bot'),
(687, 'dsdsd', '2020-08-15 06:23:50', 'user'),
(688, 'Tidak di temukan', '2020-08-15 06:23:50', 'bot'),
(689, 'dwdwd', '2020-08-15 07:38:52', 'user'),
(690, 'Tidak di temukan', '2020-08-15 07:38:52', 'bot'),
(691, 'dwdwd', '2020-08-15 07:52:49', 'user'),
(692, 'Tidak di temukan', '2020-08-15 07:52:49', 'bot'),
(693, 'qssq', '2020-08-16 01:30:29', 'user'),
(694, 'Tidak di temukan', '2020-08-16 01:30:29', 'bot'),
(695, 'wqw', '2020-08-16 01:31:23', 'user'),
(696, 'Tidak di temukan', '2020-08-16 01:31:23', 'bot'),
(697, 'sas', '2020-08-16 01:34:49', 'user'),
(698, 'Tidak di temukan', '2020-08-16 01:34:49', 'bot'),
(699, 'dian', '2020-08-16 01:34:56', 'user'),
(700, 'dian wibowo  kecewa dengan pernyataan yusqi terkait kondisi Manchester United', '2020-08-16 01:34:56', 'bot'),
(701, 'wibowo', '2020-08-16 01:35:04', 'user'),
(702, 'dian wibowo  kecewa dengan pernyataan yusqi terkait kondisi Manchester United', '2020-08-16 01:35:04', 'bot'),
(703, 'dian', '2020-08-16 01:36:09', 'user'),
(704, 'dian wibowo  kecewa dengan pernyataan yusqi terkait kondisi Manchester United', '2020-08-16 01:36:09', 'bot'),
(705, 'manchester', '2020-08-16 01:36:17', 'user'),
(706, 'manchester city kejar liverpool juara premier league situasi rupa musim city khawatir', '2020-08-16 01:36:17', 'bot'),
(707, 'city', '2020-08-16 01:36:23', 'user'),
(708, 'manchester city kejar liverpool juara premier league situasi rupa musim city khawatir', '2020-08-16 01:36:23', 'bot'),
(709, '''city''', '2020-08-16 01:36:31', 'user'),
(710, 'Tidak di temukan', '2020-08-16 01:36:31', 'bot'),
(711, 'a', '2020-08-16 01:37:27', 'user'),
(712, 'manchester city kejar liverpool juara premier league situasi rupa musim city khawatir', '2020-08-16 01:37:27', 'bot'),
(713, 'as', '2020-08-16 01:38:31', 'user'),
(714, 'manchester city kejar liverpool juara premier league situasi rupa musim city khawatir', '2020-08-16 01:38:31', 'bot'),
(715, 'dad', '2020-08-16 01:42:47', 'user'),
(716, 'Tidak di temukan', '2020-08-16 01:42:47', 'bot'),
(717, 'city', '2020-08-16 01:42:52', 'user'),
(718, 'manchester city kejar liverpool juara premier league situasi rupa musim city khawatir', '2020-08-16 01:42:52', 'bot'),
(719, 'sas', '2020-08-16 01:54:01', 'user'),
(720, 'Tidak di temukan', '2020-08-16 01:54:01', 'bot'),
(721, 'dian afni city', '2020-08-16 02:05:36', 'user'),
(722, 'Tidak di temukan', '2020-08-16 02:05:36', 'bot'),
(723, 'dian afni city', '2020-08-16 02:06:07', 'user'),
(724, 'Tidak di temukan', '2020-08-16 02:06:07', 'bot'),
(725, 'dian afni city', '2020-08-16 02:12:55', 'user'),
(726, 'Tidak di temukan', '2020-08-16 02:12:55', 'bot'),
(727, 'a', '2020-08-16 02:58:57', 'user'),
(728, 'manchester city kejar liverpool juara premier league situasi rupa musim city khawatir', '2020-08-16 02:58:57', 'bot'),
(729, 'dian afni city dian', '2020-08-16 02:59:09', 'user'),
(730, 'Tidak di temukan', '2020-08-16 02:59:09', 'bot'),
(731, 'manchester city', '2020-08-16 02:59:29', 'user'),
(732, 'manchester city kejar liverpool juara premier league situasi rupa musim city khawatir', '2020-08-16 02:59:29', 'bot'),
(733, '.', '2020-08-16 02:59:34', 'user'),
(734, 'Manchester United hancur sepanjang musim ini. dian wibowo menilai wajar jika fans sangat sedih', '2020-08-16 02:59:34', 'bot'),
(735, 'Manchester United hancur sepanjang musim ini. dian wibowo menilai wajar jika fans sangat sedih', '2020-08-16 02:59:41', 'user'),
(736, 'Manchester United hancur sepanjang musim ini. dian wibowo menilai wajar jika fans sangat sedih', '2020-08-16 02:59:41', 'bot'),
(737, 'manchester city kejar liverpool juara premier league situasi rupa musim city khawatir', '2020-08-16 03:00:24', 'user'),
(738, 'manchester city kejar liverpool juara premier league situasi rupa musim city khawatir', '2020-08-16 03:00:24', 'bot'),
(739, 'swsw', '2020-08-16 03:58:20', 'user'),
(740, 'Tidak di temukan', '2020-08-16 03:58:20', 'bot'),
(741, 'asas', '2020-08-16 04:01:41', 'user'),
(742, 'Tidak di temukan', '2020-08-16 04:01:41', 'bot'),
(743, 'sasas', '2020-08-16 03:24:34', 'user'),
(744, 'Tidak di temukan', '2020-08-16 03:24:34', 'bot'),
(745, 'city anjing', '2020-08-16 03:26:18', 'user'),
(746, 'Tidak di temukan', '2020-08-16 03:26:18', 'bot'),
(747, 'test', '2020-08-16 03:28:31', 'user'),
(748, 'Tidak di temukan', '2020-08-16 03:28:31', 'bot'),
(749, 'city', '2020-08-16 03:28:39', 'user'),
(750, 'manchester city kejar liverpool juara premier league situasi rupa musim city khawatir', '2020-08-16 03:28:39', 'bot'),
(751, 'city', '2020-08-16 03:30:37', 'user'),
(752, 'manchester city kejar liverpool juara premier league situasi rupa musim city khawatir', '2020-08-16 03:30:38', 'bot'),
(753, 'citu', '2020-08-16 03:32:56', 'user'),
(754, 'Tidak di temukan', '2020-08-16 03:32:56', 'bot'),
(755, 'chat', '2020-08-16 03:37:30', 'user'),
(756, 'Tidak di temukan', '2020-08-16 03:37:30', 'bot'),
(757, 'chat', '2020-08-16 03:38:57', 'user'),
(758, 'Tidak di temukan', '2020-08-16 03:38:57', 'bot'),
(759, 'test', '2020-08-16 03:40:12', 'user'),
(760, 'Tidak di temukan', '2020-08-16 03:40:12', 'bot'),
(761, 'city dian wibowo', '2020-08-16 11:29:36', 'user'),
(762, 'Tidak di temukan', '2020-08-16 11:29:36', 'bot'),
(763, 'aa', '2020-08-16 11:30:22', 'user'),
(764, 'dian wibowo  kecewa dengan pernyataan yusqi terkait kondisi Manchester United', '2020-08-16 11:30:22', 'bot'),
(765, 'q', '2020-08-17 01:02:58', 'user'),
(766, 'dian wibowo  kecewa dengan pernyataan yusqi terkait kondisi Manchester United', '2020-08-17 01:02:58', 'bot'),
(767, 'city', '2020-08-17 01:03:05', 'user'),
(768, 'manchester city kejar liverpool juara premier league situasi rupa musim city khawatir', '2020-08-17 01:03:05', 'bot'),
(769, 'dian', '2020-08-17 01:05:57', 'user'),
(770, 'dian wibowo  kecewa dengan pernyataan yusqi terkait kondisi Manchester United', '2020-08-17 01:05:57', 'bot'),
(771, 'city', '2020-08-17 01:09:06', 'user'),
(772, 'manchester city kejar liverpool juara premier league situasi rupa musim city khawatir', '2020-08-17 01:09:06', 'bot'),
(773, 'c', '2020-08-17 01:13:11', 'user'),
(774, 'manchester city kejar liverpool juara premier league situasi rupa musim city khawatir', '2020-08-17 01:13:11', 'bot'),
(775, 'dian', '2020-08-17 01:13:17', 'user'),
(776, 'dian wibowo  kecewa dengan pernyataan yusqi terkait kondisi Manchester United', '2020-08-17 01:13:17', 'bot'),
(777, 'dian', '2020-08-19 12:58:18', 'user'),
(778, 'dian wibowo  kecewa dengan pernyataan yusqi terkait kondisi Manchester United', '2020-08-19 12:58:18', 'bot');

-- --------------------------------------------------------

--
-- Struktur dari tabel `tf`
--

CREATE TABLE IF NOT EXISTS `tf` (
  `id_hint` int(11) NOT NULL,
  `manchester` int(2) NOT NULL,
  `city` int(2) NOT NULL,
  `kejar` int(2) NOT NULL,
  `liverpool` int(2) NOT NULL,
  `juara` int(2) NOT NULL,
  `premier` int(2) NOT NULL,
  `league` int(2) NOT NULL,
  `situasi` int(2) NOT NULL,
  `rupa` int(2) NOT NULL,
  `musim` int(2) NOT NULL,
  `khawatir` int(2) NOT NULL,
  `dian` int(2) NOT NULL,
  `wibowo` int(2) NOT NULL,
  `kecewa` int(2) NOT NULL,
  `nyata` int(2) NOT NULL,
  `yusqi` int(2) NOT NULL,
  `kait` int(2) NOT NULL,
  `kondisi` int(2) NOT NULL,
  `united` int(2) NOT NULL,
  `tolak` int(2) NOT NULL,
  `brasil` int(2) NOT NULL,
  `winger` int(2) NOT NULL,
  `arsenal` int(2) NOT NULL,
  `gabriel` int(2) NOT NULL,
  `martinelli` int(2) NOT NULL,
  `pilih` int(2) NOT NULL,
  `main` int(2) NOT NULL,
  `timnas` int(2) NOT NULL,
  `italia` int(2) NOT NULL,
  `hancur` int(2) NOT NULL,
  `panjang` int(2) NOT NULL,
  `ini` int(2) NOT NULL,
  `nilai` int(2) NOT NULL,
  `wajar` int(2) NOT NULL,
  `fans` int(2) NOT NULL,
  `sangat` int(2) NOT NULL,
  `sedih` int(2) NOT NULL,
  `anggap` int(2) NOT NULL,
  `saing` int(2) NOT NULL,
  `rebut` int(2) NOT NULL,
  `gelar` int(2) NOT NULL,
  `sejak` int(2) NOT NULL,
  `april` int(2) NOT NULL,
  `sudah` int(2) NOT NULL,
  `koleksi` int(2) NOT NULL,
  `poin` int(2) NOT NULL,
  `tiga` int(2) NOT NULL,
  `kali` int(2) NOT NULL,
  `lipat` int(2) NOT NULL,
  `jarak` int(2) NOT NULL,
  `asa` int(2) NOT NULL,
  `seperti` int(2) NOT NULL,
  `pertanda` int(2) NOT NULL,
  `buruk` int(2) NOT NULL,
  `buat` int(2) NOT NULL,
  KEY `id_hint` (`id_hint`)
) ENGINE=InnoDB DEFAULT CHARSET=latin1;

--
-- Dumping data untuk tabel `tf`
--

INSERT INTO `tf` (`id_hint`, `manchester`, `city`, `kejar`, `liverpool`, `juara`, `premier`, `league`, `situasi`, `rupa`, `musim`, `khawatir`, `dian`, `wibowo`, `kecewa`, `nyata`, `yusqi`, `kait`, `kondisi`, `united`, `tolak`, `brasil`, `winger`, `arsenal`, `gabriel`, `martinelli`, `pilih`, `main`, `timnas`, `italia`, `hancur`, `panjang`, `ini`, `nilai`, `wajar`, `fans`, `sangat`, `sedih`, `anggap`, `saing`, `rebut`, `gelar`, `sejak`, `april`, `sudah`, `koleksi`, `poin`, `tiga`, `kali`, `lipat`, `jarak`, `asa`, `seperti`, `pertanda`, `buruk`, `buat`) VALUES
(6, 1, 2, 1, 1, 1, 1, 1, 1, 1, 1, 1, 0, 0, 0, 0, 0, 0, 0, 0, 0, 0, 0, 0, 0, 0, 0, 0, 0, 0, 0, 0, 0, 0, 0, 0, 0, 0, 0, 0, 0, 0, 0, 0, 0, 0, 0, 0, 0, 0, 0, 0, 0, 0, 0, 0),
(7, 1, 0, 0, 0, 0, 0, 0, 0, 0, 0, 0, 1, 1, 1, 1, 1, 1, 1, 1, 0, 0, 0, 0, 0, 0, 0, 0, 0, 0, 0, 0, 0, 0, 0, 0, 0, 0, 0, 0, 0, 0, 0, 0, 0, 0, 0, 0, 0, 0, 0, 0, 0, 0, 0, 0),
(8, 0, 0, 0, 0, 0, 0, 0, 0, 0, 0, 0, 0, 0, 0, 0, 0, 0, 0, 0, 1, 1, 1, 1, 1, 1, 1, 1, 1, 1, 0, 0, 0, 0, 0, 0, 0, 0, 0, 0, 0, 0, 0, 0, 0, 0, 0, 0, 0, 0, 0, 0, 0, 0, 0, 0),
(9, 1, 0, 0, 0, 0, 0, 0, 0, 0, 1, 0, 1, 1, 0, 0, 0, 0, 0, 1, 0, 0, 0, 0, 0, 0, 0, 0, 0, 0, 1, 1, 1, 1, 1, 1, 1, 1, 0, 0, 0, 0, 0, 0, 0, 0, 0, 0, 0, 0, 0, 0, 0, 0, 0, 0),
(10, 1, 1, 0, 1, 1, 0, 0, 0, 0, 0, 0, 0, 0, 0, 0, 0, 0, 0, 0, 0, 0, 0, 1, 0, 0, 0, 0, 0, 0, 0, 0, 0, 0, 0, 0, 0, 0, 1, 1, 1, 1, 0, 0, 0, 0, 0, 0, 0, 0, 0, 0, 0, 0, 0, 0),
(11, 1, 0, 0, 1, 0, 0, 0, 0, 0, 0, 0, 0, 0, 0, 0, 0, 0, 0, 1, 0, 0, 0, 0, 0, 0, 0, 0, 0, 0, 0, 0, 0, 0, 0, 0, 0, 0, 0, 0, 0, 0, 1, 1, 1, 1, 1, 1, 1, 1, 0, 0, 0, 0, 0, 0),
(12, 1, 1, 0, 1, 0, 0, 0, 0, 0, 0, 0, 0, 0, 0, 0, 0, 0, 0, 0, 0, 0, 0, 0, 0, 0, 0, 0, 0, 0, 0, 0, 0, 0, 0, 0, 0, 0, 0, 0, 0, 0, 0, 0, 0, 0, 1, 0, 0, 0, 1, 1, 1, 1, 1, 1);

-- --------------------------------------------------------

--
-- Struktur dari tabel `tf_idf`
--

CREATE TABLE IF NOT EXISTS `tf_idf` (
  `id_hint` int(11) NOT NULL,
  `manchester` float(7,4) NOT NULL,
  `city` float(7,4) NOT NULL,
  `kejar` float(7,4) NOT NULL,
  `liverpool` float(7,4) NOT NULL,
  `juara` float(7,4) NOT NULL,
  `premier` float(7,4) NOT NULL,
  `league` float(7,4) NOT NULL,
  `situasi` float(7,4) NOT NULL,
  `rupa` float(7,4) NOT NULL,
  `musim` float(7,4) NOT NULL,
  `khawatir` float(7,4) NOT NULL,
  `dian` float(7,4) NOT NULL,
  `wibowo` float(7,4) NOT NULL,
  `kecewa` float(7,4) NOT NULL,
  `nyata` float(7,4) NOT NULL,
  `yusqi` float(7,4) NOT NULL,
  `kait` float(7,4) NOT NULL,
  `kondisi` float(7,4) NOT NULL,
  `united` float(7,4) NOT NULL,
  `tolak` float(7,4) NOT NULL,
  `brasil` float(7,4) NOT NULL,
  `winger` float(7,4) NOT NULL,
  `arsenal` float(7,4) NOT NULL,
  `gabriel` float(7,4) NOT NULL,
  `martinelli` float(7,4) NOT NULL,
  `pilih` float(7,4) NOT NULL,
  `main` float(7,4) NOT NULL,
  `timnas` float(7,4) NOT NULL,
  `italia` float(7,4) NOT NULL,
  `hancur` float(7,4) NOT NULL,
  `panjang` float(7,4) NOT NULL,
  `ini` float(7,4) NOT NULL,
  `nilai` float(7,4) NOT NULL,
  `wajar` float(7,4) NOT NULL,
  `fans` float(7,4) NOT NULL,
  `sangat` float(7,4) NOT NULL,
  `sedih` float(7,4) NOT NULL,
  `anggap` float(7,4) NOT NULL,
  `saing` float(7,4) NOT NULL,
  `rebut` float(7,4) NOT NULL,
  `gelar` float(7,4) NOT NULL,
  `sejak` float(7,4) NOT NULL,
  `april` float(7,4) NOT NULL,
  `sudah` float(7,4) NOT NULL,
  `koleksi` float(7,4) NOT NULL,
  `poin` float(7,4) NOT NULL,
  `tiga` float(7,4) NOT NULL,
  `kali` float(7,4) NOT NULL,
  `lipat` float(7,4) NOT NULL,
  `jarak` float(7,4) NOT NULL,
  `asa` float(7,4) NOT NULL,
  `seperti` float(7,4) NOT NULL,
  `pertanda` float(7,4) NOT NULL,
  `buruk` float(7,4) NOT NULL,
  `buat` float(7,4) NOT NULL,
  KEY `id_hint` (`id_hint`)
) ENGINE=InnoDB DEFAULT CHARSET=latin1;

--
-- Dumping data untuk tabel `tf_idf`
--

INSERT INTO `tf_idf` (`id_hint`, `manchester`, `city`, `kejar`, `liverpool`, `juara`, `premier`, `league`, `situasi`, `rupa`, `musim`, `khawatir`, `dian`, `wibowo`, `kecewa`, `nyata`, `yusqi`, `kait`, `kondisi`, `united`, `tolak`, `brasil`, `winger`, `arsenal`, `gabriel`, `martinelli`, `pilih`, `main`, `timnas`, `italia`, `hancur`, `panjang`, `ini`, `nilai`, `wajar`, `fans`, `sangat`, `sedih`, `anggap`, `saing`, `rebut`, `gelar`, `sejak`, `april`, `sudah`, `koleksi`, `poin`, `tiga`, `kali`, `lipat`, `jarak`, `asa`, `seperti`, `pertanda`, `buruk`, `buat`) VALUES
(6, 0.0669, 0.3161, 0.8451, 0.2430, 0.5441, 0.8451, 0.8451, 0.8451, 0.8451, 0.5441, 0.8451, 0.0000, 0.0000, 0.0000, 0.0000, 0.0000, 0.0000, 0.0000, 0.0000, 0.0000, 0.0000, 0.0000, 0.0000, 0.0000, 0.0000, 0.0000, 0.0000, 0.0000, 0.0000, 0.0000, 0.0000, 0.0000, 0.0000, 0.0000, 0.0000, 0.0000, 0.0000, 0.0000, 0.0000, 0.0000, 0.0000, 0.0000, 0.0000, 0.0000, 0.0000, 0.0000, 0.0000, 0.0000, 0.0000, 0.0000, 0.0000, 0.0000, 0.0000, 0.0000, 0.0000),
(7, 0.0669, 0.0000, 0.0000, 0.0000, 0.0000, 0.0000, 0.0000, 0.0000, 0.0000, 0.0000, 0.0000, 0.5441, 0.5441, 0.8451, 0.8451, 0.8451, 0.8451, 0.8451, 0.3680, 0.0000, 0.0000, 0.0000, 0.0000, 0.0000, 0.0000, 0.0000, 0.0000, 0.0000, 0.0000, 0.0000, 0.0000, 0.0000, 0.0000, 0.0000, 0.0000, 0.0000, 0.0000, 0.0000, 0.0000, 0.0000, 0.0000, 0.0000, 0.0000, 0.0000, 0.0000, 0.0000, 0.0000, 0.0000, 0.0000, 0.0000, 0.0000, 0.0000, 0.0000, 0.0000, 0.0000),
(8, 0.0000, 0.0000, 0.0000, 0.0000, 0.0000, 0.0000, 0.0000, 0.0000, 0.0000, 0.0000, 0.0000, 0.0000, 0.0000, 0.0000, 0.0000, 0.0000, 0.0000, 0.0000, 0.0000, 0.8451, 0.8451, 0.8451, 0.5441, 0.8451, 0.8451, 0.8451, 0.8451, 0.8451, 0.8451, 0.0000, 0.0000, 0.0000, 0.0000, 0.0000, 0.0000, 0.0000, 0.0000, 0.0000, 0.0000, 0.0000, 0.0000, 0.0000, 0.0000, 0.0000, 0.0000, 0.0000, 0.0000, 0.0000, 0.0000, 0.0000, 0.0000, 0.0000, 0.0000, 0.0000, 0.0000),
(9, 0.0669, 0.0000, 0.0000, 0.0000, 0.0000, 0.0000, 0.0000, 0.0000, 0.0000, 0.5441, 0.0000, 0.5441, 0.5441, 0.0000, 0.0000, 0.0000, 0.0000, 0.0000, 0.3680, 0.0000, 0.0000, 0.0000, 0.0000, 0.0000, 0.0000, 0.0000, 0.0000, 0.0000, 0.0000, 0.8451, 0.8451, 0.8451, 0.8451, 0.8451, 0.8451, 0.8451, 0.8451, 0.0000, 0.0000, 0.0000, 0.0000, 0.0000, 0.0000, 0.0000, 0.0000, 0.0000, 0.0000, 0.0000, 0.0000, 0.0000, 0.0000, 0.0000, 0.0000, 0.0000, 0.0000),
(10, 0.0669, 0.2430, 0.0000, 0.2430, 0.5441, 0.0000, 0.0000, 0.0000, 0.0000, 0.0000, 0.0000, 0.0000, 0.0000, 0.0000, 0.0000, 0.0000, 0.0000, 0.0000, 0.0000, 0.0000, 0.0000, 0.0000, 0.5441, 0.0000, 0.0000, 0.0000, 0.0000, 0.0000, 0.0000, 0.0000, 0.0000, 0.0000, 0.0000, 0.0000, 0.0000, 0.0000, 0.0000, 0.8451, 0.8451, 0.8451, 0.8451, 0.0000, 0.0000, 0.0000, 0.0000, 0.0000, 0.0000, 0.0000, 0.0000, 0.0000, 0.0000, 0.0000, 0.0000, 0.0000, 0.0000),
(11, 0.0669, 0.0000, 0.0000, 0.2430, 0.0000, 0.0000, 0.0000, 0.0000, 0.0000, 0.0000, 0.0000, 0.0000, 0.0000, 0.0000, 0.0000, 0.0000, 0.0000, 0.0000, 0.3680, 0.0000, 0.0000, 0.0000, 0.0000, 0.0000, 0.0000, 0.0000, 0.0000, 0.0000, 0.0000, 0.0000, 0.0000, 0.0000, 0.0000, 0.0000, 0.0000, 0.0000, 0.0000, 0.0000, 0.0000, 0.0000, 0.0000, 0.8451, 0.8451, 0.8451, 0.8451, 0.5441, 0.8451, 0.8451, 0.8451, 0.0000, 0.0000, 0.0000, 0.0000, 0.0000, 0.0000),
(12, 0.0669, 0.2430, 0.0000, 0.2430, 0.0000, 0.0000, 0.0000, 0.0000, 0.0000, 0.0000, 0.0000, 0.0000, 0.0000, 0.0000, 0.0000, 0.0000, 0.0000, 0.0000, 0.0000, 0.0000, 0.0000, 0.0000, 0.0000, 0.0000, 0.0000, 0.0000, 0.0000, 0.0000, 0.0000, 0.0000, 0.0000, 0.0000, 0.0000, 0.0000, 0.0000, 0.0000, 0.0000, 0.0000, 0.0000, 0.0000, 0.0000, 0.0000, 0.0000, 0.0000, 0.0000, 0.5441, 0.0000, 0.0000, 0.0000, 0.8451, 0.8451, 0.8451, 0.8451, 0.8451, 0.8451);

--
-- Ketidakleluasaan untuk tabel pelimpahan (Dumped Tables)
--

--
-- Ketidakleluasaan untuk tabel `akar_tf_idf`
--
ALTER TABLE `akar_tf_idf`
  ADD CONSTRAINT `akar_tf_idf_ibfk_1` FOREIGN KEY (`id_hint`) REFERENCES `chatbot_hints` (`id_hint`) ON DELETE CASCADE ON UPDATE CASCADE;

--
-- Ketidakleluasaan untuk tabel `bobot_tf`
--
ALTER TABLE `bobot_tf`
  ADD CONSTRAINT `bobot_tf_ibfk_1` FOREIGN KEY (`id_hint`) REFERENCES `chatbot_hints` (`id_hint`) ON DELETE CASCADE ON UPDATE CASCADE;

--
-- Ketidakleluasaan untuk tabel `tf`
--
ALTER TABLE `tf`
  ADD CONSTRAINT `tf_ibfk_1` FOREIGN KEY (`id_hint`) REFERENCES `chatbot_hints` (`id_hint`) ON DELETE CASCADE ON UPDATE CASCADE;

--
-- Ketidakleluasaan untuk tabel `tf_idf`
--
ALTER TABLE `tf_idf`
  ADD CONSTRAINT `tf_idf_ibfk_1` FOREIGN KEY (`id_hint`) REFERENCES `chatbot_hints` (`id_hint`) ON DELETE CASCADE ON UPDATE CASCADE;

/*!40101 SET CHARACTER_SET_CLIENT=@OLD_CHARACTER_SET_CLIENT */;
/*!40101 SET CHARACTER_SET_RESULTS=@OLD_CHARACTER_SET_RESULTS */;
/*!40101 SET COLLATION_CONNECTION=@OLD_COLLATION_CONNECTION */;
